ETH,以太坊
SOM,Somnia Network
LTC,Litecoin
ZEC,Zcash
2Z,DoubleZero
APE,ApeCoin
ENA,ENA
USDT,Tether
METIS,Metis
STRAX,Stratis
ZKC,ZKC
XAUT,Tether Gold Token
PHB,Phoenix Chain
SEA,OpenSea
HOOD,Robinhood
DOGE,Dogecoin
SNX,Synthetix
CGPT,ChainGPT
READY,READY
MNT,MNT
ALICE,MyNeighborAlice
DOT,Polkadot
TLM,Alien Worlds
LSK,Lisk
LINEA,LINEA
SYS,Syscoin
MNT,Mantle
WLFI,World Liberty Token
TON,TON
BTC,Bitcoin
ETH,Ethereum
PUP,PUP
USD1,USD1
USDT,Tether USD
APEX,APEX
ASTER,ASTER
DOOD,DOOD
OP,Optimism
SOL,Solana
IAGON,IAGON
LYN,Everlyn AI
RLUSD,RLUSD
BABY,BABY
MATIC,Polygon
SYRUP,Syrup Token
2Z,2Z
ADA,Cardano
EURCV,EUR CoinVertible
XRP,瑞波币
POL,Polygon
COOKIE,Cookie DAO
HUT,Hut8
MORPHO,Morpho
ETH,Ether
APT,Aptos
MORPHO,MORPHO
DOGE,狗狗币
UXL,UXLINK
CAKE,PancakeSwap
KILO,Kiloex
HYPE,HYPE
LDO,Lido DAO
FIL,Filecoin
NEAR,Near Protocol
STBL,STBL
LINK,Chainlink
BIRB,Moonbirds
BNB,币安币
TANSSI,Tanssi Network Token
ENA,Ena
SHIB,Shiba Inu
LYN,Everlyn
GOAI,Gopher AI
FLOKI,Floki Inu
AVAX,雪崩
AIC,AI COMPANIONS
USELESS,USELESS
PNKSTR,PNKSTR
TRX,TRON
BB,BounceBit
XSGD,XSGD
CASH,CASH
ID,Space ID
FET,Fetch.ai
EGLD,MultiversX
FLOKI,FLOKI
MUSD,mUSD
GMT,Green Metaverse Token
TON,Toncoin
LYN,Everlyn Token
ILV,Illuvium
BTC,比特币
IOTA,IOTA
SEI,Sei
DIA,DIA
HUT8,Hut8
LYN,LYN
CROSS,CROSS
XAUT,Tether Gold
PUMP,PUMP